filename,width,height,class,xmin,ymin,xmax,ymax
000000000260.jpg,500,333,5,2,93,68,251
000000000260.jpg,500,333,0,261,139,312,309
000000000260.jpg,500,333,0,17,142,40,170
000000000260.jpg,500,333,2,238,175,271,190
000000000260.jpg,500,333,28,332,232,375,293
000000000260.jpg,500,333,28,373,222,402,292
000000000260.jpg,500,333,28,334,205,395,245
000000000089.jpg,640,480,43,502,105,528,237
000000000089.jpg,640,480,43,476,127,496,233
000000000089.jpg,640,480,43,528,99,555,237
000000000089.jpg,640,480,43,555,100,576,239
000000000089.jpg,640,480,43,573,96,600,239
000000000089.jpg,640,480,69,138,202,474,472
000000000089.jpg,640,480,68,0,43,118,188
000000000089.jpg,640,480,73,476,333,567,364
000000000089.jpg,640,480,73,497,365,611,398
000000000089.jpg,640,480,73,513,402,640,452
000000000328.jpg,640,491,67,434,283,469,301
000000000328.jpg,640,491,0,44,68,268,424
000000000328.jpg,640,491,0,197,90,403,479
000000000328.jpg,640,491,0,336,58,586,484
000000000328.jpg,640,491,13,0,104,588,479
000000000328.jpg,640,491,73,245,220,332,258
000000000328.jpg,640,491,2,350,77,451,142
000000000328.jpg,640,491,27,462,177,480,221
000000000328.jpg,640,491,27,315,171,337,229
000000000328.jpg,640,491,24,12,171,131,250
000000000328.jpg,640,491,24,49,160,134,208
000000000472.jpg,640,226,4,394,56,482,88
000000000315.jpg,640,427,25,13,95,225,227
000000000315.jpg,640,427,25,142,116,295,206
000000000315.jpg,640,427,25,202,111,331,182
000000000315.jpg,640,427,25,280,131,348,172
000000000315.jpg,640,427,25,281,114,370,135
000000000315.jpg,640,427,25,375,134,425,159
000000000315.jpg,640,427,25,423,42,462,132
000000000315.jpg,640,427,25,0,96,159,357
000000000315.jpg,640,427,25,0,137,78,247
000000000315.jpg,640,427,25,130,117,254,220
000000000315.jpg,640,427,25,227,130,316,197
000000000315.jpg,640,427,0,338,139,400,331
000000000315.jpg,640,427,0,493,148,542,333
000000000315.jpg,640,427,0,124,219,209,392
000000000315.jpg,640,427,0,532,186,578,243
000000000315.jpg,640,427,0,542,159,566,202
000000000315.jpg,640,427,0,575,195,625,242
000000000315.jpg,640,427,0,546,139,560,174
000000000315.jpg,640,427,25,325,130,409,170
000000000315.jpg,640,427,26,93,388,152,421
000000000315.jpg,640,427,56,203,275,495,405
000000000315.jpg,640,427,0,216,220,267,244
000000000315.jpg,640,427,0,300,182,327,215
000000000315.jpg,640,427,0,587,155,593,168
000000000315.jpg,640,427,0,183,369,302,427
000000000315.jpg,640,427,0,325,172,340,209
000000000315.jpg,640,427,56,208,249,292,295
000000000315.jpg,640,427,56,16,249,156,358
000000000315.jpg,640,427,56,3,401,104,421
000000000315.jpg,640,427,56,222,265,294,295
000000000315.jpg,640,427,56,0,323,63,407
000000000315.jpg,640,427,56,222,245,282,264
000000000315.jpg,640,427,56,233,290,309,309
000000000315.jpg,640,427,56,211,223,274,248
000000000315.jpg,640,427,0,623,162,630,188
000000000315.jpg,640,427,25,464,106,530,138
000000000315.jpg,640,427,26,102,358,144,370
000000000315.jpg,640,427,26,116,327,180,389
000000000077.jpg,500,375,0,216,56,319,175
000000000077.jpg,500,375,0,320,53,415,151
000000000077.jpg,500,375,36,41,320,92,344
000000000077.jpg,500,375,36,236,140,263,169
000000000077.jpg,500,375,0,24,167,121,332
000000000077.jpg,500,375,0,286,101,311,143
000000000077.jpg,500,375,36,355,141,379,156
000000000077.jpg,500,375,0,266,58,289,140
000000000263.jpg,591,640,20,156,169,591,632
000000000263.jpg,591,640,20,1,13,388,605
000000000049.jpg,381,500,17,162,226,292,410
000000000049.jpg,381,500,17,81,244,165,403
000000000049.jpg,381,500,0,203,260,269,333
000000000049.jpg,381,500,0,118,261,175,324
000000000049.jpg,381,500,0,119,334,131,367
000000000049.jpg,381,500,58,201,426,272,473
000000000049.jpg,381,500,0,284,333,295,360
000000000049.jpg,381,500,0,191,334,198,357
000000000049.jpg,381,500,0,346,333,361,342
000000000061.jpg,640,488,0,261,205,309,263
000000000061.jpg,640,488,0,393,210,425,250
000000000061.jpg,640,488,20,370,248,453,296
000000000061.jpg,640,488,20,223,250,365,327
000000000061.jpg,640,488,0,261,196,295,250
000000000459.jpg,516,640,27,162,278,224,518
000000000459.jpg,516,640,0,0,84,514,632
000000000471.jpg,640,427,5,120,112,580,324
000000000471.jpg,640,427,0,211,155,227,200
000000000074.jpg,640,426,16,61,276,358,379
000000000074.jpg,640,426,1,2,3,162,316
000000000074.jpg,640,426,0,295,93,313,152
000000000074.jpg,640,426,0,326,97,340,122
000000000074.jpg,640,426,0,356,95,372,147
000000000074.jpg,640,426,0,462,105,493,146
000000000074.jpg,640,426,0,277,103,292,150
000000000074.jpg,640,426,0,282,103,294,127
000000000510.jpg,640,480,0,254,130,405,428
000000000510.jpg,640,480,13,42,226,609,428
000000000510.jpg,640,480,9,15,9,51,66
000000000514.jpg,360,640,59,37,225,360,624
000000000064.jpg,480,640,2,52,387,228,545
000000000064.jpg,480,640,7,52,353,177,413
000000000064.jpg,480,640,11,115,226,152,301
000000000064.jpg,480,640,74,112,42,266,194
000000000110.jpg,640,480,56,138,133,237,213
000000000110.jpg,640,480,56,243,137,327,256
000000000110.jpg,640,480,42,294,367,484,480
000000000110.jpg,640,480,43,274,360,291,480
000000000110.jpg,640,480,53,136,391,474,474
000000000110.jpg,640,480,60,119,75,263,151
000000000110.jpg,640,480,0,208,0,640,474
000000000110.jpg,640,480,0,1,128,252,409
000000000110.jpg,640,480,0,248,1,376,138
000000000110.jpg,640,480,0,196,0,264,94
000000000110.jpg,640,480,0,141,2,222,88
000000000110.jpg,640,480,0,0,0,130,174
000000000110.jpg,640,480,0,131,0,162,55
000000000110.jpg,640,480,0,406,1,441,85
000000000110.jpg,640,480,41,184,79,203,97
000000000110.jpg,640,480,56,0,134,45,303
000000000110.jpg,640,480,56,413,78,436,91
000000000110.jpg,640,480,60,584,100,640,136
000000000110.jpg,640,480,0,263,0,277,29
000000000110.jpg,640,480,0,335,0,415,93
000000000110.jpg,640,480,60,3,377,639,479
000000000110.jpg,640,480,41,163,77,181,101
000000000110.jpg,640,480,41,209,80,229,96
000000000110.jpg,640,480,41,228,75,244,99
000000000138.jpg,640,573,72,16,102,139,348
000000000138.jpg,640,573,74,315,19,384,88
000000000138.jpg,640,573,45,157,184,203,203
000000000138.jpg,640,573,69,260,175,379,533
000000000138.jpg,640,573,71,496,203,625,256
000000000138.jpg,640,573,58,560,45,604,104
000000000138.jpg,640,573,75,218,54,252,102
000000000312.jpg,640,427,20,2,185,229,392
000000000312.jpg,640,427,20,225,193,434,374
000000000312.jpg,640,427,20,322,294,403,375
000000000312.jpg,640,427,20,491,176,640,375
000000000312.jpg,640,427,20,469,230,513,372
000000000312.jpg,640,427,20,419,249,567,372
000000000474.jpg,333,500,0,3,42,332,471
000000000474.jpg,333,500,35,9,234,98,305
000000000307.jpg,640,480,16,406,197,577,365
000000000307.jpg,640,480,2,384,49,432,65
000000000307.jpg,640,480,29,351,366,421,473
000000000071.jpg,640,426,2,467,216,495,231
000000000071.jpg,640,426,2,522,223,547,235
000000000071.jpg,640,426,2,436,217,460,226
000000000071.jpg,640,426,2,586,231,613,245
000000000071.jpg,640,426,6,47,185,531,305
000000000071.jpg,640,426,2,497,223,520,235
000000000071.jpg,640,426,2,601,216,618,222
000000000071.jpg,640,426,7,333,192,357,202
000000000071.jpg,640,426,7,362,197,386,204
000000000071.jpg,640,426,2,617,237,640,250
000000000071.jpg,640,426,2,479,219,503,232
000000000071.jpg,640,426,2,387,200,403,205
000000000071.jpg,640,426,2,366,196,386,204
000000000071.jpg,640,426,2,348,198,368,203
000000000071.jpg,640,426,2,499,219,519,225
000000000071.jpg,640,426,2,460,217,479,228
000000000529.jpg,427,640,3,17,238,379,587
000000000529.jpg,427,640,0,108,76,337,487
000000000529.jpg,427,640,0,25,97,297,294
000000000073.jpg,565,640,3,12,22,548,632
000000000073.jpg,565,640,3,1,3,270,275
000000000113.jpg,416,640,56,92,381,248,444
000000000113.jpg,416,640,56,11,577,82,639
000000000113.jpg,416,640,0,4,31,156,486
000000000113.jpg,416,640,41,70,458,121,519
000000000113.jpg,416,640,41,347,159,368,178
000000000113.jpg,416,640,43,253,363,301,450
000000000113.jpg,416,640,55,142,424,402,573
000000000113.jpg,416,640,0,341,100,416,428
000000000113.jpg,416,640,60,19,392,415,639
000000000113.jpg,416,640,0,148,44,343,431
000000000113.jpg,416,640,41,282,95,308,122
000000000113.jpg,416,640,41,346,67,369,89
000000000113.jpg,416,640,41,343,98,367,123
000000000113.jpg,416,640,41,379,96,397,120
000000000113.jpg,416,640,41,195,140,215,162
000000000113.jpg,416,640,41,176,137,199,161
000000000113.jpg,416,640,41,174,106,194,132
000000000113.jpg,416,640,41,140,138,159,160
000000000488.jpg,640,406,32,431,252,439,260
000000000488.jpg,640,406,0,180,210,285,341
000000000488.jpg,640,406,0,112,245,239,356
000000000488.jpg,640,406,34,214,225,278,271
000000000488.jpg,640,406,35,218,274,243,295
000000000488.jpg,640,406,35,562,253,573,261
000000000488.jpg,640,406,0,209,197,234,268
000000000488.jpg,640,406,0,546,216,590,265
000000000488.jpg,640,406,0,34,208,125,360
000000000488.jpg,640,406,0,224,181,228,189
000000000338.jpg,640,327,72,217,149,313,327
000000000338.jpg,640,327,74,458,88,481,113
000000000338.jpg,640,327,0,326,142,417,325
000000000338.jpg,640,327,0,439,173,496,327
000000000338.jpg,640,327,69,24,243,163,322
000000000338.jpg,640,327,26,465,231,490,270
000000000072.jpg,427,640,23,136,129,425,628
000000000072.jpg,427,640,23,50,72,283,640
000000000502.jpg,640,427,21,226,87,500,345
000000000149.jpg,640,428,0,388,324,397,337
000000000149.jpg,640,428,0,339,316,346,329
000000000149.jpg,640,428,0,333,315,339,329
000000000149.jpg,640,428,0,401,325,416,338
000000000149.jpg,640,428,33,434,192,452,207
000000000149.jpg,640,428,33,280,252,290,258
000000000149.jpg,640,428,33,435,82,446,95
000000000149.jpg,640,428,33,293,208,315,218
000000000149.jpg,640,428,0,559,317,566,336
000000000149.jpg,640,428,0,538,315,543,330
000000000149.jpg,640,428,2,278,311,288,317
000000000149.jpg,640,428,2,311,316,321,321
000000000149.jpg,640,428,2,295,316,303,320
000000000149.jpg,640,428,2,256,321,275,328
000000000149.jpg,640,428,33,62,340,104,353
000000000149.jpg,640,428,33,384,274,422,290
000000000149.jpg,640,428,0,274,326,282,339
000000000149.jpg,640,428,0,544,317,549,333
000000000149.jpg,640,428,0,586,321,590,331
000000000149.jpg,640,428,0,249,316,255,339
000000000149.jpg,640,428,0,233,315,241,339
000000000149.jpg,640,428,0,220,313,227,340
000000000389.jpg,640,480,27,306,300,372,479
000000000389.jpg,640,480,0,0,256,141,478
000000000389.jpg,640,480,0,467,292,565,480
000000000389.jpg,640,480,0,91,249,182,420
000000000389.jpg,640,480,0,566,270,640,395
000000000389.jpg,640,480,0,41,172,55,217
000000000389.jpg,640,480,0,170,285,218,332
000000000389.jpg,640,480,0,429,257,473,305
000000000389.jpg,640,480,0,394,242,427,269
000000000389.jpg,640,480,0,562,371,639,479
000000000389.jpg,640,480,24,385,266,463,480
000000000389.jpg,640,480,0,140,84,509,473
000000000389.jpg,640,480,0,517,269,525,279
000000000389.jpg,640,480,0,516,269,590,415
000000000404.jpg,426,640,8,54,359,368,446
000000000404.jpg,426,640,8,192,359,391,405
000000000404.jpg,426,640,8,252,354,409,383
000000000404.jpg,426,640,8,263,357,349,374
000000000404.jpg,426,640,8,272,355,297,366
000000000438.jpg,640,480,54,189,272,336,376
000000000438.jpg,640,480,54,37,226,158,303
000000000438.jpg,640,480,54,168,212,315,320
000000000438.jpg,640,480,54,178,142,318,248
000000000438.jpg,640,480,54,58,160,180,254
000000000438.jpg,640,480,54,50,101,176,186
000000000438.jpg,640,480,54,480,197,600,312
000000000438.jpg,640,480,54,472,101,594,203
000000000438.jpg,640,480,54,36,322,191,442
000000000438.jpg,640,480,54,478,310,611,455
000000000438.jpg,640,480,54,321,332,491,456
000000000438.jpg,640,480,54,168,362,334,453
000000000438.jpg,640,480,54,310,151,394,341
000000000612.jpg,640,480,59,117,235,543,475
000000000612.jpg,640,480,77,320,271,391,359
000000000612.jpg,640,480,77,260,281,322,362
000000000612.jpg,640,480,77,268,249,392,358
000000000612.jpg,640,480,77,355,218,428,299
000000000612.jpg,640,480,77,423,247,457,285
000000000612.jpg,640,480,77,180,189,284,286
000000000612.jpg,640,480,77,328,242,371,260
000000000612.jpg,640,480,77,390,254,448,320
000000000612.jpg,640,480,77,402,285,541,389
000000000612.jpg,640,480,77,337,178,387,236
000000000564.jpg,520,640,0,230,335,377,614
000000000564.jpg,520,640,0,430,203,520,297
000000000564.jpg,520,640,38,296,432,402,473
000000000564.jpg,520,640,56,62,234,106,256
000000000564.jpg,520,640,56,108,232,154,257
000000000564.jpg,520,640,56,202,230,250,256
000000000564.jpg,520,640,56,245,307,301,336
000000000564.jpg,520,640,56,135,258,185,288
000000000564.jpg,520,640,56,88,256,139,282
000000000564.jpg,520,640,56,39,260,86,284
000000000564.jpg,520,640,56,13,235,61,258
000000000564.jpg,520,640,56,412,304,473,350
000000000564.jpg,520,640,56,325,279,377,300
000000000564.jpg,520,640,56,303,307,354,334
000000000564.jpg,520,640,56,233,228,299,306
000000000564.jpg,520,640,56,152,232,201,274
000000000572.jpg,427,640,0,139,58,285,599
000000000572.jpg,427,640,0,70,254,199,601
000000000572.jpg,427,640,28,289,378,426,600
000000000599.jpg,640,407,58,528,5,639,242
000000000599.jpg,640,407,15,0,37,413,402
000000000599.jpg,640,407,57,0,1,619,402
000000000599.jpg,640,407,65,439,198,618,285
000000000599.jpg,640,407,65,389,167,587,227
000000000360.jpg,500,375,0,261,138,313,175
000000000360.jpg,500,375,0,97,273,124,294
000000000360.jpg,500,375,31,240,155,292,196
000000000349.jpg,640,480,6,0,130,539,388
000000000349.jpg,640,480,58,396,280,459,358
000000000349.jpg,640,480,58,454,270,505,333
000000000349.jpg,640,480,58,498,284,527,324
000000000605.jpg,640,480,60,0,2,640,480
000000000605.jpg,640,480,41,290,123,515,298
000000000605.jpg,640,480,44,260,203,319,301
000000000605.jpg,640,480,41,409,30,552,172
000000000201.jpg,640,428,31,333,31,488,394
000000000201.jpg,640,428,31,284,17,430,379
000000000201.jpg,640,428,31,266,48,361,343
000000000201.jpg,640,428,31,242,53,328,346
000000000201.jpg,640,428,31,211,46,294,333
000000000201.jpg,640,428,0,615,195,627,212
000000000201.jpg,640,428,0,585,194,597,212
000000000201.jpg,640,428,31,268,63,362,358
000000000629.jpg,640,427,3,320,257,567,414
000000000359.jpg,500,332,9,153,100,219,134
000000000359.jpg,500,332,9,243,99,294,122
000000000359.jpg,500,332,9,278,293,282,297
000000000359.jpg,500,332,2,0,290,123,327
000000000370.jpg,480,640,0,90,24,480,640
000000000370.jpg,480,640,50,242,257,480,501
000000000589.jpg,640,480,29,463,229,482,235
000000000589.jpg,640,480,0,347,184,493,368
000000000562.jpg,423,640,79,139,159,218,278
000000000562.jpg,423,640,79,188,57,266,279
000000000562.jpg,423,640,79,63,81,146,264
000000000562.jpg,423,640,41,63,77,372,604
000000000560.jpg,460,312,58,54,126,109,188
000000000560.jpg,460,312,71,79,194,194,260
000000000560.jpg,460,312,67,160,188,171,193
000000000560.jpg,460,312,71,219,152,249,156
000000000560.jpg,460,312,61,303,143,343,180
000000000164.jpg,640,480,39,389,183,397,210
000000000164.jpg,640,480,39,374,189,381,210
000000000164.jpg,640,480,39,367,184,374,212
000000000164.jpg,640,480,39,383,187,390,211
000000000164.jpg,640,480,39,433,280,452,311
000000000164.jpg,640,480,72,428,171,525,309
000000000164.jpg,640,480,39,463,282,473,319
000000000164.jpg,640,480,39,399,161,409,178
000000000164.jpg,640,480,39,373,135,384,150
000000000164.jpg,640,480,39,404,132,414,148
000000000164.jpg,640,480,39,415,131,425,148
000000000164.jpg,640,480,56,159,409,310,479
000000000164.jpg,640,480,40,153,189,166,218
000000000164.jpg,640,480,40,141,190,157,227
000000000164.jpg,640,480,40,108,196,122,229
000000000164.jpg,640,480,40,58,196,78,233
000000000164.jpg,640,480,40,81,195,97,235
000000000164.jpg,640,480,40,95,196,107,233
000000000164.jpg,640,480,41,146,233,173,254
000000000164.jpg,640,480,41,114,236,137,256
000000000164.jpg,640,480,41,176,232,196,248
000000000164.jpg,640,480,41,196,228,216,244
000000000164.jpg,640,480,45,506,221,562,232
000000000164.jpg,640,480,68,377,227,430,257
000000000164.jpg,640,480,69,274,263,321,297
000000000164.jpg,640,480,40,76,194,87,234
000000000164.jpg,640,480,40,119,191,135,229
000000000164.jpg,640,480,40,133,192,144,228
000000000164.jpg,640,480,41,159,231,181,252
000000000164.jpg,640,480,41,512,134,528,155
000000000164.jpg,640,480,41,532,139,547,153
000000000164.jpg,640,480,41,506,146,512,154
000000000164.jpg,640,480,41,169,203,187,222
000000000164.jpg,640,480,41,133,233,149,253
000000000164.jpg,640,480,45,505,211,535,216
000000000164.jpg,640,480,45,505,219,562,223
000000000164.jpg,640,480,45,509,215,561,220
000000000164.jpg,640,480,45,506,212,562,218
000000000164.jpg,640,480,45,362,171,376,180
000000000164.jpg,640,480,60,372,459,509,474
000000000400.jpg,638,640,16,417,148,515,227
000000000400.jpg,638,640,8,1,64,638,542
000000000428.jpg,640,360,27,374,200,469,355
000000000428.jpg,640,360,0,226,32,582,355
000000000428.jpg,640,360,55,405,234,580,356
000000000415.jpg,359,640,38,60,399,102,443
000000000415.jpg,359,640,0,0,257,122,559
000000000165.jpg,640,536,27,160,173,251,390
000000000165.jpg,640,536,0,248,108,631,536
000000000165.jpg,640,536,0,6,24,360,528
000000000165.jpg,640,536,76,68,126,368,412
000000000575.jpg,640,513,15,4,39,358,394
000000000544.jpg,640,427,32,596,293,610,301
000000000544.jpg,640,427,0,253,243,366,404
000000000544.jpg,640,427,0,107,301,237,412
000000000544.jpg,640,427,0,25,269,127,412
000000000544.jpg,640,427,0,76,191,105,236
000000000544.jpg,640,427,0,247,185,276,235
000000000544.jpg,640,427,0,193,209,223,237
000000000544.jpg,640,427,0,148,193,180,235
000000000544.jpg,640,427,0,0,221,33,299
000000000544.jpg,640,427,0,544,211,566,232
000000000544.jpg,640,427,34,223,300,275,308
000000000544.jpg,640,427,35,218,324,238,355
000000000544.jpg,640,427,0,20,237,63,296
000000000544.jpg,640,427,0,174,213,193,238
000000000544.jpg,640,427,0,18,194,44,240
000000000544.jpg,640,427,0,512,203,528,232
000000000034.jpg,640,425,22,0,20,442,399
000000000626.jpg,640,480,74,312,124,353,166
000000000626.jpg,640,480,74,396,129,417,176
000000000154.jpg,427,640,22,11,315,361,640
000000000154.jpg,427,640,22,40,192,314,332
000000000154.jpg,427,640,22,239,93,338,157
000000000395.jpg,640,580,67,291,289,310,312
000000000395.jpg,640,580,0,118,138,551,573
000000000395.jpg,640,580,0,0,207,80,486
000000000395.jpg,640,580,0,77,270,159,475
000000000395.jpg,640,580,0,515,200,640,580
000000000395.jpg,640,580,67,619,305,634,317
000000000395.jpg,640,580,0,108,232,147,279
000000000395.jpg,640,580,0,140,239,222,349
000000000395.jpg,640,580,0,412,194,445,300
000000000395.jpg,640,580,0,428,206,472,319
000000000395.jpg,640,580,0,159,332,220,399
000000000395.jpg,640,580,0,54,214,103,341
000000000395.jpg,640,580,0,448,253,518,342
000000000394.jpg,640,611,16,0,16,625,588
000000000394.jpg,640,611,29,235,185,590,477
000000000431.jpg,640,389,32,359,194,371,205
000000000431.jpg,640,389,0,153,67,311,319
000000000431.jpg,640,389,38,296,158,378,221
000000000357.jpg,640,218,34,539,121,543,148
000000000357.jpg,640,218,35,566,186,575,193
000000000357.jpg,640,218,35,76,97,83,106
000000000357.jpg,640,218,35,279,25,284,29
000000000357.jpg,640,218,0,372,25,389,52
000000000357.jpg,640,218,0,271,18,298,55
000000000357.jpg,640,218,0,209,22,231,53
000000000357.jpg,640,218,0,74,79,93,127
000000000357.jpg,640,218,0,530,136,559,190
000000000357.jpg,640,218,0,567,160,594,198
000000000357.jpg,640,218,0,592,154,619,201
000000000357.jpg,640,218,0,556,23,569,33
000000000357.jpg,640,218,0,545,21,554,47
000000000357.jpg,640,218,0,596,8,605,18
000000000357.jpg,640,218,0,265,6,283,33
000000000357.jpg,640,218,0,568,29,580,53
000000000357.jpg,640,218,0,580,32,587,56
000000000419.jpg,640,480,0,124,130,170,282
000000000419.jpg,640,480,38,140,118,178,135
000000000419.jpg,640,480,32,124,91,130,98
000000000419.jpg,640,480,0,458,228,589,404
000000000419.jpg,640,480,2,434,202,448,216
000000000419.jpg,640,480,2,529,203,545,214
000000000419.jpg,640,480,2,329,202,363,214
000000000196.jpg,640,480,44,249,200,460,249
000000000196.jpg,640,480,51,448,363,471,406
000000000196.jpg,640,480,51,391,374,415,428
000000000196.jpg,640,480,51,442,375,449,401
000000000196.jpg,640,480,51,412,404,468,435
000000000196.jpg,640,480,44,533,250,607,372
000000000196.jpg,640,480,44,517,213,615,256
000000000196.jpg,640,480,44,230,42,301,86
000000000196.jpg,640,480,44,546,251,617,332
000000000196.jpg,640,480,44,464,390,586,478
000000000196.jpg,640,480,45,275,58,404,120
000000000196.jpg,640,480,45,423,236,568,349
000000000196.jpg,640,480,45,513,315,640,458
000000000196.jpg,640,480,45,234,197,404,284
000000000196.jpg,640,480,45,363,337,524,476
000000000196.jpg,640,480,45,332,157,464,226
000000000196.jpg,640,480,45,341,115,492,180
000000000196.jpg,640,480,45,189,72,278,105
000000000196.jpg,640,480,45,361,47,454,110
000000000196.jpg,640,480,50,199,254,217,285
000000000196.jpg,640,480,50,280,393,318,422
000000000196.jpg,640,480,50,170,269,191,298
000000000196.jpg,640,480,51,462,401,488,433
000000000196.jpg,640,480,51,415,417,428,449
000000000196.jpg,640,480,60,0,41,640,480
000000000196.jpg,640,480,42,210,407,295,473
000000000196.jpg,640,480,44,457,121,501,150
000000000196.jpg,640,480,45,115,88,211,127
000000000196.jpg,640,480,45,33,109,151,169
000000000196.jpg,640,480,45,0,145,71,219
000000000196.jpg,640,480,50,115,340,155,366
000000000196.jpg,640,480,51,379,413,415,443
000000000196.jpg,640,480,51,577,377,589,392
000000000196.jpg,640,480,51,372,388,404,416
000000000196.jpg,640,480,51,168,359,210,401
000000000196.jpg,640,480,51,420,373,443,396
000000000196.jpg,640,480,51,434,446,454,457
000000000196.jpg,640,480,44,526,129,546,139
000000000196.jpg,640,480,50,250,325,274,346
000000000196.jpg,640,480,50,288,290,306,323
000000000196.jpg,640,480,50,150,262,167,276
000000000196.jpg,640,480,45,0,188,172,280
000000000009.jpg,640,480,45,1,187,612,473
000000000009.jpg,640,480,45,311,4,631,232
000000000009.jpg,640,480,50,249,229,565,474
000000000009.jpg,640,480,45,0,13,434,388
000000000009.jpg,640,480,49,376,40,451,86
000000000009.jpg,640,480,49,465,38,523,85
000000000009.jpg,640,480,49,385,73,469,144
000000000009.jpg,640,480,49,364,2,458,73
000000000584.jpg,640,426,44,5,1,343,70
000000000584.jpg,640,426,50,312,275,374,326
000000000584.jpg,640,426,50,199,193,393,301
000000000584.jpg,640,426,51,354,318,446,400
000000000584.jpg,640,426,51,447,253,528,331
000000000584.jpg,640,426,51,465,189,539,267
000000000584.jpg,640,426,51,512,245,579,321
000000000584.jpg,640,426,51,232,142,269,178
000000000584.jpg,640,426,51,233,51,306,117
000000000584.jpg,640,426,45,0,14,640,418
000000000584.jpg,640,426,51,196,170,282,248
000000000584.jpg,640,426,51,135,194,202,263
000000000584.jpg,640,426,51,379,43,437,88
000000000584.jpg,640,426,51,357,187,413,242
000000000590.jpg,409,500,71,75,295,161,306
000000000590.jpg,409,500,45,72,292,165,320
000000000143.jpg,600,500,14,426,192,558,368
000000000143.jpg,600,500,14,128,104,223,271
000000000143.jpg,600,500,14,265,126,365,289
000000000143.jpg,600,500,14,243,271,340,391
000000000143.jpg,600,500,14,114,319,206,480
000000000143.jpg,600,500,14,35,20,131,153
000000000143.jpg,600,500,14,120,237,234,371
000000000143.jpg,600,500,14,468,320,562,475
000000000625.jpg,640,446,0,404,204,524,418
000000000625.jpg,640,446,0,271,152,372,423
000000000625.jpg,640,446,0,185,233,277,419
000000000625.jpg,640,446,29,272,111,306,133
000000000194.jpg,640,480,43,504,415,606,480
000000000194.jpg,640,480,53,1,40,640,473
000000000382.jpg,640,480,0,507,363,561,444
000000000382.jpg,640,480,30,492,432,570,457
000000000382.jpg,640,480,24,517,365,534,388
000000000397.jpg,640,480,56,477,0,621,98
000000000397.jpg,640,480,53,4,44,635,456
000000000397.jpg,640,480,41,0,294,36,366
000000000397.jpg,640,480,41,479,315,630,473
000000000397.jpg,640,480,42,595,404,639,456
000000000397.jpg,640,480,60,1,349,504,479
000000000397.jpg,640,480,0,3,0,229,205
000000000368.jpg,480,640,32,207,238,254,287
000000000368.jpg,480,640,0,165,107,394,379
000000000368.jpg,480,640,0,157,81,211,190
000000000368.jpg,480,640,0,64,198,121,233
000000000368.jpg,480,640,0,135,148,175,230
000000000368.jpg,480,640,0,270,71,307,153
000000000368.jpg,480,640,0,424,138,468,237
000000000368.jpg,480,640,0,285,122,361,360
000000000368.jpg,480,640,0,362,137,399,235
000000000368.jpg,480,640,0,80,136,109,202
000000000368.jpg,480,640,0,65,138,83,201
000000000368.jpg,480,640,0,214,120,234,149
000000000368.jpg,480,640,0,0,137,18,230
000000000142.jpg,480,640,39,256,88,416,342
000000000142.jpg,480,640,60,0,226,480,452
000000000142.jpg,480,640,46,106,374,378,566
000000000142.jpg,480,640,48,74,376,438,640
000000000036.jpg,481,640,25,0,50,457,480
000000000036.jpg,481,640,0,167,162,478,628
000000000208.jpg,640,480,71,1,108,640,475
000000000208.jpg,640,480,71,0,150,304,260
000000000208.jpg,640,480,79,157,170,349,259
000000000208.jpg,640,480,79,57,122,215,204
000000000542.jpg,640,484,4,3,4,640,325
000000000542.jpg,640,484,0,222,189,291,375
000000000542.jpg,640,484,0,149,209,197,375
000000000542.jpg,640,484,0,452,195,492,355
000000000542.jpg,640,484,0,356,211,403,345
000000000542.jpg,640,484,0,317,211,357,343
000000000542.jpg,640,484,0,296,206,329,349
000000000542.jpg,640,484,0,185,212,229,348
000000000542.jpg,640,484,0,454,130,497,224
000000000542.jpg,640,484,0,267,118,335,194
000000000542.jpg,640,484,0,278,214,309,350
000000000542.jpg,640,484,26,180,277,198,305
000000000542.jpg,640,484,26,189,265,208,291
000000000542.jpg,640,484,27,466,224,468,234
000000000542.jpg,640,484,26,483,262,503,292
000000000542.jpg,640,484,0,441,127,460,153
000000000542.jpg,640,484,0,281,219,296,294
000000000581.jpg,473,500,16,104,151,261,410
000000000595.jpg,640,480,62,368,296,509,408
000000000634.jpg,427,640,0,57,264,348,474
000000000634.jpg,427,640,36,154,446,316,500
000000000634.jpg,427,640,0,149,16,171,47
000000000634.jpg,427,640,0,338,0,427,114
000000000634.jpg,427,640,0,176,17,197,41
000000000634.jpg,427,640,0,78,38,103,67
000000000620.jpg,480,640,72,243,2,479,585
000000000620.jpg,480,640,53,96,252,318,398
000000000436.jpg,427,640,0,7,2,427,628
000000000436.jpg,427,640,54,219,237,323,309
000000000387.jpg,640,480,63,249,50,624,327
000000000387.jpg,640,480,63,152,50,623,362
000000000387.jpg,640,480,67,332,111,542,205
000000000569.jpg,640,480,0,88,269,168,414
000000000569.jpg,640,480,33,188,205,218,236
000000000569.jpg,640,480,33,170,216,186,249
000000000569.jpg,640,480,33,145,229,168,252
000000000569.jpg,640,480,33,134,239,160,263
000000000025.jpg,640,426,23,385,60,600,357
000000000025.jpg,640,426,23,53,356,185,411
000000000623.jpg,375,500,13,271,72,375,311
000000000623.jpg,375,500,77,1,31,356,494
000000000623.jpg,375,500,56,273,62,373,302
000000000623.jpg,375,500,0,162,1,374,492
000000000151.jpg,480,640,0,434,61,465,114
000000000151.jpg,480,640,6,210,4,480,640
000000000151.jpg,480,640,11,212,329,250,364
000000000192.jpg,640,480,0,349,253,481,473
000000000192.jpg,640,480,0,437,218,515,466
000000000192.jpg,640,480,0,0,274,37,479
000000000192.jpg,640,480,0,268,179,379,415
000000000192.jpg,640,480,34,13,381,49,474
000000000384.jpg,446,640,57,0,419,182,637
000000000384.jpg,446,640,74,205,275,234,303
000000000384.jpg,446,640,73,154,542,196,559
000000000384.jpg,446,640,73,107,536,149,560
000000000384.jpg,446,640,64,100,464,113,474
000000000384.jpg,446,640,65,365,496,386,504
000000000384.jpg,446,640,73,116,522,161,543
000000000384.jpg,446,640,65,155,530,186,537
000000000384.jpg,446,640,65,148,544,158,549
000000000384.jpg,446,640,73,160,509,192,526
000000000384.jpg,446,640,63,123,468,162,488
000000000636.jpg,480,640,61,80,89,345,625
000000000144.jpg,640,480,23,232,121,599,480
000000000144.jpg,640,480,23,193,131,493,479
000000000144.jpg,640,480,23,48,79,442,480
000000000030.jpg,640,428,58,204,31,459,355
000000000030.jpg,640,428,75,237,155,403,351
000000000597.jpg,640,248,20,337,167,378,191
000000000597.jpg,640,248,20,383,148,452,191
000000000597.jpg,640,248,20,467,149,540,193
000000000597.jpg,640,248,20,196,142,271,190
000000000597.jpg,640,248,20,134,154,193,189
000000000597.jpg,640,248,20,89,162,124,188
000000000597.jpg,640,248,20,1,154,56,188
000000000540.jpg,640,425,2,172,366,182,375
000000000540.jpg,640,425,2,611,309,620,320
000000000540.jpg,640,425,2,162,394,177,404
000000000540.jpg,640,425,2,218,329,228,339
000000000540.jpg,640,425,4,156,187,456,270
000000000540.jpg,640,425,7,87,359,109,384
000000000540.jpg,640,425,9,253,146,255,148
000000000540.jpg,640,425,2,71,404,85,413
000000000540.jpg,640,425,2,94,391,106,402
000000000540.jpg,640,425,2,131,372,140,381
000000000540.jpg,640,425,2,121,364,131,374
000000000540.jpg,640,425,2,194,368,203,377
000000000540.jpg,640,425,2,311,199,316,205
000000000540.jpg,640,425,2,52,191,59,198
000000000540.jpg,640,425,2,218,348,229,361
000000000540.jpg,640,425,5,416,203,440,214
000000000540.jpg,640,425,7,329,192,340,206
000000000540.jpg,640,425,2,291,182,297,186
000000000540.jpg,640,425,5,452,385,466,405
000000000540.jpg,640,425,7,93,392,105,402
000000000241.jpg,480,640,39,36,553,65,640
000000000241.jpg,480,640,57,312,250,479,546
000000000241.jpg,480,640,57,0,278,143,538
000000000241.jpg,480,640,0,132,6,333,632
000000000241.jpg,480,640,0,1,263,207,611
000000000241.jpg,480,640,0,295,263,402,520
000000000241.jpg,480,640,41,103,595,154,639
000000000241.jpg,480,640,41,0,596,43,640
000000000241.jpg,480,640,65,117,321,161,343
000000000241.jpg,480,640,26,343,469,409,543
000000000241.jpg,480,640,0,0,372,45,576
000000000241.jpg,480,640,0,395,337,480,568
000000000241.jpg,480,640,58,90,71,200,272
000000000241.jpg,480,640,58,134,350,184,422
000000000094.jpg,640,427,2,356,275,399,313
000000000094.jpg,640,427,7,542,263,624,356
000000000309.jpg,600,600,77,153,213,287,426
000000000309.jpg,600,600,77,273,214,391,355
000000000309.jpg,600,600,16,420,71,512,195
000000000309.jpg,600,600,77,73,235,194,493
000000000321.jpg,640,480,52,363,199,612,440
000000000321.jpg,640,480,52,370,62,605,304
000000000321.jpg,640,480,48,78,43,294,422
000000000490.jpg,500,495,16,46,192,136,335
000000000490.jpg,500,495,36,304,136,396,388
000000000491.jpg,500,313,77,134,11,395,308
000000000491.jpg,500,313,77,287,0,487,156
000000000491.jpg,500,313,77,0,4,91,186
000000000491.jpg,500,313,77,79,0,292,120
000000000446.jpg,480,640,0,75,124,358,640
000000000446.jpg,480,640,65,334,367,379,385
000000000446.jpg,480,640,73,259,402,269,472
000000000446.jpg,480,640,73,70,170,77,186
000000000446.jpg,480,640,73,31,164,41,193
000000000446.jpg,480,640,73,26,164,35,193
000000000446.jpg,480,640,73,37,164,65,194
000000000446.jpg,480,640,73,12,98,107,144
000000000446.jpg,480,640,73,82,63,96,92
000000000446.jpg,480,640,57,1,495,89,630
000000000446.jpg,480,640,58,415,276,473,361
000000000446.jpg,480,640,58,374,221,436,319
000000000446.jpg,480,640,58,426,177,480,281
000000000308.jpg,640,426,0,134,28,268,424
000000000308.jpg,640,426,0,0,47,185,426
000000000308.jpg,640,426,0,45,15,208,281
000000000308.jpg,640,426,0,111,78,145,166
000000000308.jpg,640,426,0,381,23,556,419
000000000308.jpg,640,426,40,364,223,388,283
000000000308.jpg,640,426,40,146,156,195,255
000000000308.jpg,640,426,40,235,149,260,208
000000000308.jpg,640,426,0,0,236,119,421
000000000308.jpg,640,426,40,0,170,67,297
000000000308.jpg,640,426,0,345,73,395,249
000000000308.jpg,640,426,74,436,237,449,250
000000000308.jpg,640,426,25,276,63,363,137
000000000650.jpg,640,427,15,179,110,484,354
000000000650.jpg,640,427,2,2,279,639,421
000000000136.jpg,500,374,0,0,114,54,372
000000000136.jpg,500,374,0,0,61,68,374
000000000136.jpg,500,374,23,82,116,267,369
000000000136.jpg,500,374,23,316,131,444,296
000000000081.jpg,640,425,4,38,40,622,358
000000000042.jpg,640,478,16,214,41,562,285
000000000283.jpg,428,640,39,63,42,145,354
000000000283.jpg,428,640,56,0,142,59,228
000000000283.jpg,428,640,56,148,67,428,356
000000000283.jpg,428,640,60,0,210,424,630
000000000283.jpg,428,640,40,164,156,253,370
000000000532.jpg,640,480,5,86,127,547,389
000000000532.jpg,640,480,0,269,234,313,390
000000000532.jpg,640,480,0,124,253,169,367
000000000532.jpg,640,480,0,221,212,239,231
000000000532.jpg,640,480,0,154,216,166,236
000000000532.jpg,640,480,5,0,163,97,353
000000000532.jpg,640,480,26,153,268,174,304
000000000532.jpg,640,480,26,120,316,135,342
000000000450.jpg,640,480,40,461,3,559,73
000000000450.jpg,640,480,41,562,0,640,192
000000000450.jpg,640,480,53,0,13,566,471
000000000450.jpg,640,480,60,0,1,640,480
000000000322.jpg,640,481,0,71,110,277,386
000000000322.jpg,640,481,29,282,205,325,218
000000000486.jpg,640,427,72,391,175,454,285
000000000486.jpg,640,427,69,392,274,640,426
000000000486.jpg,640,427,39,623,233,639,271
000000000486.jpg,640,427,43,223,192,230,244
000000000486.jpg,640,427,39,498,278,521,303
000000000486.jpg,640,427,39,83,219,88,248
000000000486.jpg,640,427,43,235,200,239,217
000000000486.jpg,640,427,45,252,299,383,388
000000000109.jpg,640,416,16,539,295,562,313
000000000109.jpg,640,416,0,512,271,534,304
000000000109.jpg,640,416,0,585,268,604,291
000000000109.jpg,640,416,0,548,249,552,257
000000000109.jpg,640,416,13,376,261,411,285
000000000109.jpg,640,416,13,448,281,488,304
000000000109.jpg,640,416,0,74,197,80,213
000000000109.jpg,640,416,0,604,271,613,282
000000000294.jpg,640,427,0,27,69,392,427
000000000294.jpg,640,427,44,415,349,430,373
000000000294.jpg,640,427,68,507,312,639,422
000000000294.jpg,640,427,42,608,251,616,292
000000000294.jpg,640,427,43,445,329,463,363
000000000294.jpg,640,427,43,454,320,470,365
000000000294.jpg,640,427,44,401,323,424,348
000000000294.jpg,640,427,44,383,341,419,381
000000000294.jpg,640,427,44,402,111,416,226
000000000294.jpg,640,427,44,420,114,434,217
000000000294.jpg,640,427,44,328,256,347,323
000000000294.jpg,640,427,43,461,335,477,368
000000000294.jpg,640,427,43,466,325,480,357
000000000294.jpg,640,427,43,469,335,484,368
000000000294.jpg,640,427,74,0,0,53,53
000000000294.jpg,640,427,44,403,367,436,388
000000000294.jpg,640,427,44,392,299,409,331
000000000294.jpg,640,427,44,388,387,403,410
000000000294.jpg,640,427,44,401,355,422,380
000000000294.jpg,640,427,44,623,50,628,73
000000000257.jpg,640,480,9,89,197,112,230
000000000257.jpg,640,480,9,50,199,75,222
000000000257.jpg,640,480,24,176,362,226,417
000000000257.jpg,640,480,7,249,277,454,400
000000000257.jpg,640,480,7,508,304,639,368
000000000257.jpg,640,480,0,139,345,211,480
000000000257.jpg,640,480,0,236,326,265,406
000000000257.jpg,640,480,0,211,332,233,392
000000000257.jpg,640,480,0,264,330,280,403
000000000257.jpg,640,480,0,287,337,320,414
000000000257.jpg,640,480,0,570,327,585,370
000000000257.jpg,640,480,0,125,325,135,362
000000000257.jpg,640,480,0,316,334,336,408
000000000257.jpg,640,480,0,77,326,97,374
000000000257.jpg,640,480,0,138,325,153,364
000000000257.jpg,640,480,0,225,327,240,396
000000000257.jpg,640,480,9,227,296,238,307
000000000257.jpg,640,480,9,27,303,33,310
000000000257.jpg,640,480,9,28,276,34,288
000000000257.jpg,640,480,24,208,340,219,360
000000000257.jpg,640,480,26,306,360,319,373
000000000257.jpg,640,480,0,190,330,211,370
000000000257.jpg,640,480,7,519,323,640,480
000000000257.jpg,640,480,7,55,301,196,360
000000000257.jpg,640,480,7,473,320,498,334
000000000257.jpg,640,480,9,89,177,104,192
000000000257.jpg,640,480,26,93,344,99,356
000000000257.jpg,640,480,0,537,328,551,368
000000000257.jpg,640,480,9,301,260,309,275
000000000257.jpg,640,480,9,295,261,301,273
000000000257.jpg,640,480,9,55,299,60,303
000000000257.jpg,640,480,26,208,341,220,370
000000000257.jpg,640,480,26,472,340,478,345
000000000531.jpg,640,480,1,48,268,74,285
000000000531.jpg,640,480,0,262,248,302,337
000000000531.jpg,640,480,1,18,271,43,286
000000000531.jpg,640,480,0,82,256,120,321
000000000531.jpg,640,480,0,251,253,263,279
000000000531.jpg,640,480,32,270,294,272,297
000000000531.jpg,640,480,0,216,255,226,278
000000000531.jpg,640,480,0,446,246,459,281
000000000531.jpg,640,480,0,504,244,516,276
000000000531.jpg,640,480,38,294,290,309,322
000000000531.jpg,640,480,0,389,256,401,277
000000000531.jpg,640,480,0,6,258,28,294
000000000531.jpg,640,480,38,28,254,96,290
000000000531.jpg,640,480,38,253,269,257,273
000000000531.jpg,640,480,1,628,266,639,275
000000000247.jpg,640,424,2,55,186,141,221
000000000247.jpg,640,424,2,514,179,549,197
000000000247.jpg,640,424,2,478,175,509,198
000000000247.jpg,640,424,4,2,0,639,418
000000000247.jpg,640,424,2,544,172,552,178
000000000247.jpg,640,424,2,533,171,541,178
000000000247.jpg,640,424,4,420,85,640,141
000000000247.jpg,640,424,2,503,169,519,177
000000000086.jpg,512,640,0,152,183,281,559
000000000086.jpg,512,640,3,130,346,424,635
000000000086.jpg,512,640,26,265,294,399,404
000000000092.jpg,640,427,42,418,118,583,427
000000000092.jpg,640,427,55,125,0,501,293
000000000643.jpg,500,375,62,105,169,316,368
000000000643.jpg,500,375,39,66,252,113,368
000000000643.jpg,500,375,73,358,122,364,169
000000000643.jpg,500,375,73,403,116,451,179
000000000643.jpg,500,375,73,332,123,338,171
000000000643.jpg,500,375,73,337,122,342,171
000000000643.jpg,500,375,73,342,124,349,171
000000000643.jpg,500,375,73,332,256,361,313
000000000643.jpg,500,375,73,347,121,356,170
000000000643.jpg,500,375,73,331,122,403,171
000000000643.jpg,500,375,73,290,338,412,370
000000000643.jpg,500,375,77,192,3,241,56
000000000643.jpg,500,375,45,154,72,194,95
000000000643.jpg,500,375,64,98,357,134,374
000000000643.jpg,500,375,73,87,90,142,95
000000000643.jpg,500,375,73,86,94,141,100
000000000643.jpg,500,375,73,88,100,142,105
000000000643.jpg,500,375,77,385,34,425,89
000000000643.jpg,500,375,73,88,104,142,110
000000000643.jpg,500,375,39,205,47,233,113
000000000326.jpg,640,427,0,152,90,517,426
000000000326.jpg,640,427,40,231,34,478,298
000000000332.jpg,640,480,41,88,0,262,71
000000000332.jpg,640,480,41,587,0,640,149
000000000332.jpg,640,480,45,3,37,640,474
000000000332.jpg,640,480,51,168,80,478,330
000000000332.jpg,640,480,41,393,0,514,52
000000000332.jpg,640,480,42,0,325,24,471
000000000332.jpg,640,480,51,59,262,167,378
000000000078.jpg,612,612,74,359,2,573,237
000000000520.jpg,640,480,14,300,140,332,160
000000000520.jpg,640,480,14,230,131,264,145
000000000520.jpg,640,480,0,242,307,257,342
000000000520.jpg,640,480,14,449,217,467,235
000000000520.jpg,640,480,14,0,187,23,203
000000000520.jpg,640,480,14,444,174,466,190
000000000520.jpg,640,480,14,599,178,618,189
000000000520.jpg,640,480,14,97,194,133,217
000000000520.jpg,640,480,14,155,184,181,196
000000000520.jpg,640,480,0,453,316,470,335
000000000520.jpg,640,480,0,508,323,516,337
000000000536.jpg,448,336,56,288,138,444,334
000000000536.jpg,448,336,0,292,133,448,332
000000000536.jpg,448,336,0,169,79,277,335
000000000536.jpg,448,336,0,88,68,186,332
000000000536.jpg,448,336,26,22,258,66,336
000000000536.jpg,448,336,26,202,185,271,249
000000000536.jpg,448,336,26,343,235,389,247
000000000536.jpg,448,336,67,206,106,220,127
000000000536.jpg,448,336,67,98,87,127,127
000000000536.jpg,448,336,56,0,141,83,336
000000000536.jpg,448,336,67,361,224,369,237
000000000443.jpg,640,480,15,198,53,571,433
000000000443.jpg,640,480,0,117,1,637,473
000000000443.jpg,640,480,0,488,2,640,305
000000000443.jpg,640,480,65,500,194,640,347
000000000443.jpg,640,480,57,1,1,569,472
000000000443.jpg,640,480,0,2,152,145,464
000000000133.jpg,640,480,59,13,2,640,421
000000000133.jpg,640,480,77,525,20,573,49
000000000641.jpg,640,428,1,115,237,141,297
000000000641.jpg,640,428,1,565,265,582,286
000000000641.jpg,640,428,5,142,100,559,328
000000000641.jpg,640,428,0,578,233,589,246
000000000641.jpg,640,428,0,565,240,582,275
000000000641.jpg,640,428,0,596,232,606,246
000000000641.jpg,640,428,0,555,231,562,254
000000000641.jpg,640,428,0,463,225,468,251
000000000641.jpg,640,428,0,606,231,613,246
000000000641.jpg,640,428,0,26,207,56,230
000000000641.jpg,640,428,0,3,209,24,232
000000000641.jpg,640,428,0,0,220,6,239
000000000127.jpg,640,481,58,213,49,278,120
000000000127.jpg,640,481,60,107,147,639,481
000000000127.jpg,640,481,41,381,221,567,345
000000000127.jpg,640,481,43,300,286,405,445
000000000127.jpg,640,481,44,346,276,431,358
000000000127.jpg,640,481,55,179,263,305,404
000000000127.jpg,640,481,73,257,194,386,286
000000000127.jpg,640,481,13,0,148,64,230
000000000127.jpg,640,481,13,157,86,201,102
000000000127.jpg,640,481,25,294,0,398,104
000000000127.jpg,640,481,25,131,3,164,58
000000000127.jpg,640,481,26,111,123,581,286
000000000127.jpg,640,481,0,444,8,466,44
000000000127.jpg,640,481,13,106,99,171,148
000000000127.jpg,640,481,13,196,147,249,183
000000000127.jpg,640,481,60,265,95,479,118
000000000127.jpg,640,481,25,104,1,132,46
